﻿{
  "android_emulator": {
    "deviceName": "Device_Name",
    "platformName": "Android",
    "platformVersion": "x.x.x",
    "avd": "Device_Name",
    "avdReadyTimeout": 60000
  },
  "android_physical_device": {
    "deviceName": "Device_Name",
    "platformName": "Android",
    "platformVersion": "x.x.x",
    "udid": "udid"
  },
  "iphone_simulator": {
    "deviceName": "Device_Name",
    "platformName": "iOS",
    "platformVersion": "x.x",
    "autoAcceptAlerts": "true",
    "automationName": "XCUITEST"
  },
  "iphone_device": {
    "deviceName": "Device_Name",
    "platformName": "iOS",
    "platformVersion": "x.x",
    "autoAcceptAlerts": "true",
    "automationName": "XCUITEST)",
    "udid": "udid"
  },
  "chrome": {
    "browserName": "chrome",
    "platformName": "desktop"
  },
  "firefox": {
    "browserName": "firefox",
    "platformName": "desktop"
  },
  "safari": {
    "browserName": "safari",
    "platformName": "desktop"
  },
  "ie": {
    "browserName": "internet explorer",
    "platformName": "desktop"
  },
  "edge": {
    "browserName": "edge",
    "platformName": "desktop"
  }
}